loss_type,FID,KID_mean,KID_std,lossD_std,lossG_std,runtime_sec
bce,8.858090029695935,11.363134384155273,11.209501266479492,0.06579776577328393,0.1269182824809957,245.63047313690186
lsgan,12.956653311771388,13.093114852905273,13.733091354370117,0.02501631434814491,0.04867972342812114,251.14879941940308
hinge,7.933536508573907,11.429638862609863,11.612947463989258,0.20754295573113093,0.2809047445028438,248.40501523017883
wgan-gp,7.919493215254194,19.737842559814453,8.78603458404541,2.502256067734307,50.48335298085665,884.0657284259796
