loss_type,FID,KID_mean,KID_std,lossD_std,lossG_std,runtime_sec
bce,6.465720050299209,5.1123046875,8.369162559509277,0.05268994891518947,0.10932045547321756,475.6941237449646
lsgan,8.52906771064495,9.724658012390137,8.798171043395996,0.02030945647044874,0.047912789362109534,466.6878271102905
hinge,8.014016769485746,5.365380764007568,3.033681869506836,0.1702942171326649,0.30130100292853745,462.1760563850403
wgan-gp,7.9523266693056875,17.041845321655273,15.227093696594238,1.9674481949357745,57.72366589873516,1661.1439270973206
